module,ms
midas_infer,8582.740545272827
midas_infer,9870.723247528076
midas_infer,9580.814838409424
midas_infer,6224.462985992432
midas_infer,9342.600584030151
