image,object_id,cls,conf,rel_depth_mean,rel_depth_std,method,p25,p50,p75,bin
img1.jpeg,0,scene,1.0,17.106151580810547,7.77720308303833,bbox,10.682500839233398,17.207555770874023,21.963302612304688,mid
img2.jpeg,0,scene,1.0,14.927776336669922,5.672938823699951,bbox,10.312319278717041,14.169339179992676,19.359938621520996,mid
img3.jpeg,0,scene,1.0,14.21812629699707,14.495575904846191,bbox,4.112911701202393,7.039782524108887,19.182283401489258,mid
img4.jpeg,0,scene,1.0,13.707624435424805,6.8933610916137695,bbox,6.875447750091553,16.537641525268555,19.304138660430908,mid
img5.jpeg,0,scene,1.0,17.265356063842773,8.790547370910645,bbox,10.1160306930542,16.338315963745117,25.90343475341797,mid
